[
  {
    "id": 1,
    "youtubeId": "dQw4w9WgXcQ",
    "title": "Never Gonna Give You Up",
    "description": "A classic music video by Rick Astley.",
    "thumbnailUrl": "https://img.youtube.com/vi/dQw4w9WgXcQ/hqdefault.jpg",
    "channelName": "RickAstleyVEVO",
    "channelId": "UCuAXFkgsw1L7xaCfnd5JJOw",
    "channelAvatar": "https://yt3.ggpht.com/ytc/AKedOLRTSfJzvIayEEL5ONeiseE9vWCLLvBLo5MjHREx=s88-c-k-c0x00ffffff-no-rj",
    "views": 1000000000,
    "duration": "03:33",
    "publishedAt": "1987-10-25T00:00:00.000Z"
  },
  {
    "id": 2,
    "youtubeId": "1La4QzGeaaQ",
    "title": "Big Buck Bunny",
    "description": "A short computer-animated comedy film produced by the Blender Institute.",
    "thumbnailUrl": "https://img.youtube.com/vi/1La4QzGeaaQ/hqdefault.jpg",
    "channelName": "Blender Foundation",
    "channelId": "UCSMOQeBJ2RAnuFungnQOxLg",
    "channelAvatar": "https://yt3.ggpht.com/ytc/AKedOLS0dYktFQQ85LQKlo6vJrqyKNFV5Mgj3M06boYW=s88-c-k-c0x00ffffff-no-rj",
    "views": 50000000,
    "duration": "10:34",
    "publishedAt": "2008-05-30T00:00:00.000Z"
  },
  {
    "id": 3,
    "youtubeId": "aqz-KE-bpKQ",
    "title": "Sintel",
    "description": "A fantasy short film by the Blender Institute.",
    "thumbnailUrl": "https://img.youtube.com/vi/aqz-KE-bpKQ/hqdefault.jpg",
    "channelName": "Blender Foundation",
    "channelId": "UCSMOQeBJ2RAnuFungnQOxLg",
    "channelAvatar": "https://yt3.ggpht.com/ytc/AKedOLS0dYktFQQ85LQKlo6vJrqyKNFV5Mgj3M06boYW=s88-c-k-c0x00ffffff-no-rj",
    "views": 30000000,
    "duration": "14:48",
    "publishedAt": "2010-09-30T00:00:00.000Z"
  }
]